MUKEY,hydgrp
285073,C/D
296129,D
296154,C/D
296155,D
296156,D
296157,C/D
296158,C/D
296159,A/D
296160,D
296161,D
296162,D
296163,D
296164,D
296165,D
296166,D
296167,C/D
296168,D
296169,D
296170,A
296171,A
296172,A
296173,D
296174,D
296175,D
296176,B/D
296177,C/D
296178,C/D
296179,C/D
296180,C/D
296181,C/D
296182,B
296183,B
296184,B/D
296185,B/D
296186,B/D
296188,B
296189,B/D
296190,B/D
296191,B/D
296193,D
296194,D
296195,B
296196,B
296197,B
296198,B
296199,B
296200,B
296201,D
296202,D
296203,D
296204,D
296205,D
296206,
296207,A
296208,A
296209,A
296210,A
296211,C/D
296212,C/D
296213,C/D
296214,C/D
296215,C/D
296216,D
296217,C/D
296218,C/D
296219,C/D
296220,D
296221,C/D
296222,C/D
296223,A
296224,A
296225,A
296226,A
296227,A
296228,A
296229,A
296230,A
296231,A
296232,A
296233,A
296234,A
296235,D
296236,D
296237,D
296238,D
296239,
296240,B/D
296241,C
296242,C
296243,C
296244,C
296246,A/D
296247,B/D
296249,D
296250,D
296251,D
296252,D
296253,D
296254,D
296255,B/D
296256,B/D
296257,B/D
296261,B
296263,
296264,C/D
296265,C/D
296266,B
296267,B
296268,B
296269,B/D
296270,D
296271,D
296272,C
296273,C
296274,C
296275,C
296276,C
296277,D
296278,D
296279,D
296280,C
296281,C
296282,C/D
296283,C
296284,C/D
296285,A
296286,A
296287,A
296288,D
296289,D
296290,B
296291,B
296292,B
296293,B
296294,B
296295,
296296,A
296297,A
296298,A
296299,D
296300,B
296301,B
296302,A
296303,A
296304,B/D
296305,C/D
296306,C/D
296307,C/D
296308,D
296309,D
296310,D
296311,C
296312,C
296313,C
296314,C
296315,C
296316,C
296317,B
296318,B
296319,C/D
296320,A
296321,A
296322,A
296323,C
296324,C
296325,C
296326,C
296327,C
296328,C
296329,D
296330,D
296331,D
296332,D
296333,C
296334,C
296335,C
296336,C
296337,C
296338,D
296339,D
296340,D
296341,A/D
296342,B/D
296343,C
296344,C
296345,C
296346,C
296347,C
296348,C
296349,B
296350,B
296351,D
296352,D
296353,A
296354,A
296355,D
296356,C/D
296357,C/D
296358,C
296359,C
296360,C
296361,C
296362,A
296363,A
296364,D
296365,D
296366,D
296367,D
296368,C
296369,C/D
296370,D
296371,D
296372,D
296373,D
296374,D
296375,D
296376,D
296377,D
296378,D
296379,D
296380,C
296381,C
296382,C/D
296383,C
296384,C
296385,A
296386,A
296387,A
296388,A
296389,A
296390,
296391,C/D
296392,C/D
296393,A
296394,C/D
296395,B/D
296396,A/D
296397,C/D
296398,C
296399,C
296403,D
296404,C
296405,D
296406,D
296407,D
296408,D
296409,B/D
296410,C
296411,C
296412,C
296413,C
296414,C
296415,C
296416,C
296417,C
296418,C
296419,C/D
296420,C/D
296421,C/D
296422,
296423,A
296424,A
296425,A
296426,D
296427,D
296428,D
296429,A
296430,A
296431,A
296432,B/D
296433,C
296434,C
296435,C/D
296436,C/D
296437,D
296438,D
296439,C
296440,C
296441,C
296442,C
296443,C
296444,C
296445,A
296446,A
296447,A
296448,A
296449,D
296450,D
296451,D
296452,D
296453,D
296454,C
296455,C
296456,C
296457,C
296458,C
296459,
296460,A
296461,
296462,D
296463,D
296464,D
296465,D
296466,A/D
296467,C
296468,C
296469,C
296470,C
296471,C
296472,C
296473,
296474,B
296475,B
296476,B
296477,B
296478,B
296479,D
296480,D
296481,C/D
296482,C/D
296483,
296484,
296485,
296486,D
296487,D
296488,D
296489,D
296490,
296491,C/D
296492,D
296493,D
296494,D
296495,D
296496,D
296497,D
296498,D
296499,D
296500,C
296501,C
296502,C
296503,C
296504,C
296505,A
296506,A
296588,D
296589,D
296590,D
296591,B
296592,B/D
296593,C
296594,B/D
296595,A
296596,C
296597,C
296598,C
296599,C
296600,C
296601,A/D
296602,D
296603,D
296604,D
296605,D
296606,D
296607,D
296608,D
296609,D
296610,D
296611,D
296612,D
296613,D
296614,C
296615,C
296616,C
296617,C
296618,C
296619,C
296620,
296621,
296622,D
296623,
296624,C
296625,C
296626,C
296627,C
296628,C
296629,D
296630,D
296631,D
296632,D
296633,D
296634,D
296635,D
296636,D
296637,D
296638,D
296639,D
296640,A
296641,A
296642,A
296643,A
296644,
296744,A
296745,C/D
296746,D
296747,D
296748,C/D
296749,D
296750,A
296751,D
296752,D
296753,
296754,A
296755,B/D
296756,A
296757,C
296758,C
296759,C
296760,C
296761,C
296762,D
296763,D
296764,D
296765,D
296766,D
296767,A/D
296768,D
296769,D
296770,D
296771,D
296772,D
296773,B
296774,C
296775,C
296776,C
296777,C
296778,C
296779,B
296780,D
296781,D
296782,D
296783,A
296784,
296785,B
296786,B
296787,D
296788,D
296789,D
296790,D
296791,D
296792,D
296793,D
296794,D
296795,D
296796,D
296797,A
296798,A
296799,A
296800,A
296801,A
296802,
297020,B
297021,C
297022,C
297023,C
297024,C
297025,C
297026,C
297027,C
297028,C
297029,C
297030,A
297031,A
297032,A
297033,A
297034,
297035,B/D
297036,C
297037,C
297038,C
297039,C
297040,C
297041,C
297042,C
297043,C
297044,C
297051,C
297052,C
297053,C
297054,D
297055,D
297056,D
297057,D
297058,D
297059,D
297060,D
297061,D
297062,D
297063,C
297064,D
297065,D
297066,D
297067,D
297068,D
297069,D
297070,D
297071,D
297072,D
297073,D
297074,D
297075,A/D
297076,A
297077,B
297078,D
297079,D
297080,D
297081,D
297082,D
297083,D
297084,D
297085,D
297086,D
297087,D
297088,D
297089,D
297090,D
297091,D
297092,D
297093,D
297094,D
297095,D
297096,A/D
297097,A
297098,D
297099,D
297100,C
297101,C
297102,C
297103,A/D
297104,A
297105,A
297106,A
297107,D
297108,D
297109,D
297110,B
297111,B
297112,D
297113,A
297114,A
297115,A
297116,A
297117,A
297118,
297119,C/D
297120,C/D
297121,C/D
297122,C
297123,C
297124,C
297125,C
297126,C
297127,C
297128,C
297129,
297130,D
297131,D
297132,D
297133,D
297134,D
297135,D
297136,D
297137,D
297138,D
297139,D
297140,D
297141,D
297142,D
297143,D
297144,C
297145,C
297146,C
297147,C
297148,C
297149,C
297150,C
297151,B/D
297152,C
297153,A
297154,A
297155,D
297156,D
297157,
297158,A/D
297159,
297160,D
297161,D
297162,D
297163,D
297164,D
297165,D
297166,D
297167,D
297168,D
297169,D
297170,D
297171,D
297172,C/D
297173,D
297174,D
297175,D
297176,D
297177,D
297178,D
297179,A
297180,A
297181,A
297182,A
297183,A
297184,A
297185,C/D
297186,C/D
297187,B/D
297188,C
297189,C
297190,B/D
297191,A/D
297192,A
297193,B/D
297194,D
297195,D
297196,A/D
297197,C
297198,C
297199,C
297200,C
297201,C
297202,C
297203,A
297204,A
297205,A
297206,A
297207,D
297208,D
297209,C
297210,B
297211,D
297212,D
297213,D
297214,D
297215,D
297216,D
297217,D
297218,D
297219,C
297220,C
297221,C
297222,C
297223,C
297224,C
297225,C
297226,C
297227,D
297228,D
297229,A
297230,A
297231,A
297232,D
297233,D
297234,A
297235,A
297236,A
297237,D
297238,D
297239,D
297240,D
297241,B
297242,C/D
297243,C/D
297244,C
297245,C
297246,C
297247,A
297248,A
297249,A
297250,C
297251,C
297253,A
297254,
297255,
297256,
297257,
299274,D
299275,D
299276,D
299277,D
299278,B/D
299279,C
299280,C
299281,C
299282,C
299283,C
299284,C/D
299285,
299286,
299287,A
299288,A
299289,B
299290,B/D
299291,B/D
299292,C
299293,C
299294,C
299295,C
299296,C
299297,C
299298,C
299299,C
299300,C
299301,C
299302,C
299303,C
299304,C
299305,D
299306,D
299307,D
299308,D
299309,D
299310,D
299311,D
299312,A/D
299313,D
299314,D
299315,D
299316,D
299317,D
299318,D
299319,D
299320,D
299321,D
299322,D
299323,C
299324,C
299325,C
299326,C
299327,C
299328,C
299329,C
299330,C
299331,C
299332,
299333,A
299334,A
299335,
299336,D
299337,C
299338,C
299339,C
299340,C
299341,C
299342,A
299343,B
299344,
299345,
299346,D
299347,D
299348,D
299349,D
299350,D
299351,D
299352,D
299353,
299354,D
299355,D
299356,D
299357,D
299358,D
299359,D
299360,D
299361,C
299362,C
299363,C
299364,C
299365,A/D
299366,A
299367,A
299368,A
299369,A
299370,A
301902,D
301903,D
301904,D
301905,D
301906,B/D
301907,C
301908,C
301909,C
301910,C
301911,C
301912,C/D
301915,A
301916,A
301917,B
301918,A/D
301919,B/D
301920,B/D
301921,C
301922,C
301923,C
301924,C
301925,C
301926,C
301927,C
301928,C
301929,C
301930,C
301931,C
301932,C
301933,C
301934,D
301935,D
301936,D
301937,D
301938,D
301939,D
301940,D
301941,A/D
301942,D
301943,D
301944,D
301945,D
301946,D
301947,D
301948,D
301949,D
301950,D
301951,D
301952,C
301953,C
301954,C
301955,C
301956,C
301957,C
301958,C
301959,C
301960,C
301961,
301962,A
301963,A
301964,
301965,D
301966,C
301967,C
301968,C
301969,C
301970,C
301972,B
301973,B
301974,
301976,D
301977,D
301978,D
301979,D
301980,D
301981,D
301982,D
301983,
301984,D
301985,D
301986,D
301987,D
301988,D
301989,D
301990,D
301991,C
301992,C
301993,C
301994,C
301995,A
301996,A
301997,A
301998,A
301999,A
309351,D
309352,
309422,C
309428,C
309432,C
309433,A/D
309440,C/D
309442,C/D
309464,B/D
318506,
319821,C/D
319822,C/D
319823,A
319824,C
319825,C
319826,C
319827,C
319828,C
319829,C
319830,D
319831,C
319832,C
319833,A
319834,C
319854,B/D
319861,A/D
319862,C
319863,C
319864,C
319865,D
319866,D
319867,D
319868,C
319869,C
319870,C
319871,C
319872,C/D
319873,C/D
319874,A
319875,C
319876,C
319877,C
319878,C
319879,A
319880,C
319881,C
319882,A/D
319903,D
319904,D
319905,C
319906,C
319946,C
319947,
319948,
319949,A
319950,
319957,
319958,C/D
319959,C/D
319960,C/D
319961,C/D
319962,C
319963,
319964,
319965,
319966,
524750,B
524751,B
524752,B
524753,B
524754,B
529720,C/D
529721,C/D
529722,C
529723,C
529724,C
529746,D
529747,D
529748,D
529749,D
529754,C/D
529755,C/D
529756,C/D
529757,C/D
529758,C/D
529759,C
529760,C
529763,B
529764,B
529765,B
529770,C
529774,C/D
529775,C/D
529780,B
529782,C/D
529783,
529785,
529788,
529793,C/D
529794,C/D
529795,C/D
529796,
530797,C
531139,
538137,D
538138,D
538139,D
538140,D
538141,D
538142,
538143,B/D
538144,C/D
538145,C/D
538146,C/D
538147,C/D
538148,C/D
538149,C/D
538150,C
538151,C
538152,C
538153,C
538154,D
538155,D
538156,D
538157,D
538158,D
538159,C/D
538160,C/D
538161,C/D
538162,C/D
538163,C
538164,C/D
538165,C/D
538166,C/D
538167,C/D
538168,
538169,
538170,C/D
538171,C/D
538172,A
538173,B/D
538174,B/D
538175,D
538176,D
538177,C
538178,C
538179,C
538180,C
538182,C
538183,C
538184,C
538185,C
538186,C
538187,C
538188,D
538189,D
538190,D
538191,A
538192,A
538193,A
538194,A
538195,A
538196,A
538197,A
538198,D
538199,D
538200,C
538201,
538202,B
538203,A
538204,A
538205,D
538206,D
538207,C/D
538208,C/D
538209,C/D
538210,C
538211,C
538212,C
538213,C
538214,C
538215,
538216,
538217,
538218,C/D
538219,C/D
538220,C/D
538221,
538222,C/D
538223,C/D
538224,C/D
538225,B
538226,B
538228,C
538229,C/D
538230,
538231,C/D
538232,C/D
538233,D
538234,D
538235,B
538236,D
538237,D
538238,D
538239,D
538240,C/D
538241,C/D
538243,B
538244,C
538245,B
538246,B
538247,B
538248,B
538249,D
538250,D
538251,D
538253,D
538254,C/D
538255,C/D
538256,C/D
538257,C/D
538258,A/D
538259,C/D
538260,C/D
538261,B
538262,C
538263,C
538264,B
538265,B
538266,B
538267,B
538268,C/D
538269,B
538270,B
538271,B
538272,C/D
538273,C/D
538274,C/D
538275,C/D
538276,C/D
538277,C
538278,C
538279,C
538280,A
538281,A
538282,A
538283,B
538284,B
538285,B
538286,B
538287,B
538288,B
538289,A
538290,A
538291,A
538292,B
538293,B
538294,B
538295,B
538296,B
538297,A
538298,B
538299,B
538300,B
538301,B
538302,B
538303,A
538304,A
538305,A
538306,A
538307,A
538308,A
538309,A
538310,A
538311,C
538312,A
538313,D
538314,C
538315,C
538316,C
538317,C
538318,B/D
538319,B
538320,B
538321,B
538322,C/D
538323,A
538324,A
538325,A
538326,A
538327,A
538328,B
538329,B
538330,B
538331,B
538332,B
538333,B
538334,B
538335,D
538336,D
538337,D
538338,D
538339,D
538340,D
538342,C
538343,B
538344,C/D
538345,B
538346,
538347,A
538348,D
538349,
538350,B
538351,B
538352,B
538353,B
538354,B
538355,A
538356,D
538357,D
538358,C/D
538360,C/D
538361,A
538362,
538501,B
538502,C/D
538503,B/D
538504,B
538505,B
538506,B
538507,D
538508,D
538509,D
538510,C/D
538511,C/D
538512,B
538513,B
538514,B
538515,B
538516,D
538517,D
538518,D
538519,D
538520,A
538521,A
538522,A
538523,A
538524,A
538525,D
538526,D
538527,D
538528,C/D
538530,C
538531,C
538532,C
538533,C
538534,A
538535,A
538536,A
538537,A
538538,A
538539,A
538540,A
538541,C
538542,C/D
538543,C/D
538544,C/D
538545,B/D
538546,B
538547,C/D
538548,B
538549,B
538550,B
538551,B
538552,
538553,D
538554,D
538555,C
538556,A
538557,A
538558,
538559,
538560,C/D
538561,C/D
538562,C/D
538887,B
538888,B
538889,A
538890,A
538891,A
538892,A
538893,A
538894,D
538895,D
538896,D
538898,C/D
538899,B/D
538900,C/D
538901,C/D
538903,C/D
538904,C/D
538905,C/D
538906,C/D
538907,C/D
538908,C/D
538909,C/D
538910,C/D
538911,C/D
538912,C/D
538913,C/D
538914,C/D
538915,D
538918,D
538919,D
538920,
538921,C
538922,C
538923,C
538924,C/D
538925,C/D
538926,C/D
538927,C/D
538928,C/D
538929,C/D
538930,C/D
538931,A
538932,A
538933,A
538934,A
538935,A
538936,A
538939,B/D
538940,B
538941,D
538942,D
538943,D
538944,D
538945,C
538946,D
538947,
538948,C/D
538949,C/D
538950,C
538951,C
538952,C
538953,C
538954,C
538955,C/D
538956,B
538957,B
538958,B
538959,D
538960,D
538961,D
538962,D
538963,C
538964,C
538965,B
538966,B
538967,B
538968,B
538969,B
538970,B
538971,C/D
538972,C/D
538973,C/D
538974,C/D
538975,B
538976,B
538977,B
538978,A
538979,A
538980,B
538981,B
538982,B
538983,A
538984,A
538985,A
538986,A
538987,A
538988,A
538989,A
538990,C/D
538991,B
538992,B
538993,B
538994,A
538995,A
538996,A
538997,A
538998,A
538999,B/D
539000,B/D
539001,B/D
539002,D
539003,D
539004,B
539005,B
539006,B
539007,B
539008,A
539009,A
539010,A
539011,A
539012,C
539013,C
539014,C/D
539015,C/D
539016,D
539017,D
539018,D
539019,
539020,
539021,C/D
539022,C/D
539023,A
539024,B
539025,B
539026,B
539027,
539028,C
539029,C
539030,C
539031,C
539032,D
539033,D
539034,D
539035,D
539036,B
539037,B
539038,A
539039,A
539040,
539042,
539043,C/D
539044,C/D
539045,B
539046,B
539047,D
539048,D
539049,D
539050,D
539051,B
539052,B
539053,B/D
539054,B/D
539055,B
539056,B
539057,B
539058,C/D
539059,C/D
539060,A
539061,C
539062,C
539063,B
539064,B
539065,B
539066,B
539067,C/D
539068,D
539069,D
539070,A
539071,A
539072,A
539073,A
539074,A
539075,B
539076,B
539077,B
539078,B
539079,A
539080,A
539081,A
539082,B/D
539083,D
539084,D
539085,D
539086,C
539087,C
539088,C
539089,C
539090,B
539091,B
539092,B
539093,B
539094,B
539095,A
539096,A
539097,A
539098,A
539099,A
539100,D
539101,D
539102,D
539103,D
539104,D
539105,D
539106,C
539107,C
539108,C
539109,C
539110,C
539111,C
539112,
539113,D
539114,
539115,C/D
539116,C/D
539117,C/D
539118,C
539119,A
539120,A
539121,A
539122,A
539123,A
539124,A
539125,
539126,
539127,
539128,
539129,B
539130,B
539131,B
539132,C
539133,C
539134,C
539135,D
539136,D
539137,D
539138,D
539139,D
539140,D
539141,D
539142,D
539143,B
539144,B
539145,D
539146,D
539147,A
539148,C/D
539149,C/D
539150,C/D
539151,B/D
539152,B
539153,B/D
539154,D
539155,D
539156,D
539157,C/D
539158,C/D
539159,C/D
539160,C/D
539161,C/D
539162,C/D
539163,C/D
539164,C/D
539165,C/D
539166,C/D
539167,D
539168,D
539169,D
539170,D
539171,D
539172,A
539173,A
539174,A
539175,A
539176,A
539177,A
539178,A
539179,A
539180,A
539181,A
539182,A
539183,A
539184,A
539185,A
539186,A
539187,A
539188,A
539189,C/D
539190,C/D
539191,C/D
539192,B/D
539193,B
539194,C
539197,
539198,C/D
539199,C/D
539200,C/D
539201,C
539202,C
539203,D
539204,D
539205,D
539206,D
539207,C/D
539208,C/D
539209,B/D
539210,C/D
539211,D
539212,D
539213,C/D
539214,C/D
539215,C/D
539216,C/D
539217,C/D
539218,A
539219,A
539220,A
539221,A
539222,D
539223,C/D
539224,C/D
539225,C/D
539226,C/D
539227,D
539228,D
539230,C
539231,C
539232,C
539233,C
539234,C
539235,C/D
539236,C/D
539237,C/D
539238,C/D
539239,C/D
539240,A
539241,A
539242,A
539243,A
539244,A
539245,A
539246,A
539247,C
539248,C
539249,C
539250,C
539251,D
539252,D
539253,D
539254,D
539255,D
539256,A/D
539257,B/D
539258,
539259,B
539260,D
539261,B/D
539262,D
539263,D
539264,C
539265,B
539266,D
539267,D
539268,D
539269,D
539270,C/D
539271,C/D
539272,C/D
539273,C/D
539274,C
539275,C
539276,C
539277,
539278,C/D
539279,C/D
539280,C/D
539281,C/D
539282,C/D
539283,C/D
539284,B
539285,B
539286,B
539287,B
539288,B
539289,B
539290,B
539291,B
539292,B
539293,D
539294,D
539295,D
539296,D
539297,D
539298,D
539299,C/D
539300,C/D
539301,C/D
539302,C/D
539303,C/D
539304,C/D
539305,C/D
539306,C/D
539307,C/D
539308,A
539309,A
539310,A
539311,A
539312,A
539313,A
539325,A
539326,A
539327,A
539328,A
539329,A
539330,A
539331,A
539332,A
539333,A
539334,A
539335,A
539336,A
539337,A
539338,A
539339,B/D
539340,A
539341,A
539342,A
539343,A
539344,A
539345,A
539346,A
539347,A
539348,A
539349,A
539350,A
539351,B
539352,B
539353,B
539354,B
539355,B
539356,B
539357,A
539358,A
539359,B
539360,B
539361,B
539362,B
539363,B
539364,B
539365,C/D
539366,C/D
539367,C
539368,C
539369,C
539371,C
539372,C
539373,C
539374,C
539375,C
539376,C
539377,B/D
539378,C
539379,C
539380,A
539381,A
539392,D
539393,A/D
539395,D
539396,D
539397,D
539400,
539401,C
539402,A
539403,A
539404,A
539405,A
539406,C/D
539407,C/D
539408,C/D
539409,A
539410,C
539411,C
539412,C
539413,C
539414,A
539415,A
539416,A
539417,A
539418,A
539419,A
539420,A
539421,
539422,
539423,
539424,D
539425,C/D
539426,C
539427,C
539428,C
539429,C
539430,C
539431,C/D
539432,C
539433,C/D
539434,C/D
539435,D
539436,D
539437,D
539438,B
539439,B
539440,B
539441,D
539442,D
539443,D
539444,D
539445,D
539446,B/D
539447,B
539448,B
539449,B
539450,B/D
539451,B
539452,B
539453,B
539454,B
539455,C/D
539456,C/D
539457,C/D
539458,C/D
539459,B
539460,B
539461,B
539462,B
539463,C
539464,A
539465,A
539466,A
539467,A
539468,A
539469,A
539470,A
539471,A
539472,A
539473,A
539474,A
539475,A
539476,A
539477,B
539478,B
539479,B
539480,B
539481,B
539482,B
539483,B
539484,B
539485,B/D
539486,D
539487,D
539488,D
539489,D
539490,D
539491,D
539492,D
539493,B
539494,D
539495,C
539496,C
539497,C
539498,C
539499,C
539500,C
539501,B
539502,B
539503,B
539504,B
539505,C
539506,C
539507,B
539508,B
539509,B
539510,B
539511,B
539512,B
539513,A
539514,A
539515,A
539516,A
539517,A
539518,A
539519,A
539520,C/D
539521,C/D
539522,C
539523,C
539524,C
539525,C
539526,C
539527,C
539528,C
539529,C
539530,C
539531,C
539532,C
539534,C
539535,B/D
539536,B/D
539537,
539538,D
539539,D
539540,A/D
539541,C
539542,C
539543,C
539544,C
539545,C
539546,B/D
539547,D
539548,D
539549,C/D
539550,C/D
539551,C
539552,C/D
539553,C/D
539554,C/D
539555,
539556,
539557,A
539558,A
539559,A
539560,A
539561,B
539562,B
539563,B
539564,C
539565,C
539566,C
539567,D
539568,D
539569,D
539570,D
539571,D
539572,D
539573,D
539574,D
539575,D
539576,B
539577,B
539578,C
539579,C
539580,C
539581,C
539582,C
539583,C
539584,C
539585,C
539586,C/D
539587,C/D
539588,B
539589,B
539590,B
539591,B
539592,D
539593,D
539594,D
539595,D
539596,B
539597,B
539598,C
539599,C
539600,B
539601,B
539602,B
539603,B
539604,B
539605,B
539606,C/D
539607,C/D
539608,C/D
539609,C/D
539610,B
539611,B
539612,B
539613,A
539614,A
539615,A
539616,
539617,
539618,B
539619,B
539620,B
539621,A
539622,A
539623,A
539624,A
539625,A
539626,A
539627,A
539628,C/D
539629,B
539630,B
539631,B
539632,A
539633,A
539634,A
539635,A
539636,A
539637,A
539638,B/D
539639,B/D
539640,B/D
539641,D
539642,D
539643,B
539644,B
539645,B
539646,B
539647,B
539648,A
539649,A
539650,A
539651,A
539652,A
539653,A
539654,C
539655,C
539656,C
539657,C/D
539658,C/D
539659,D
539660,D
539661,D
539662,
539663,
539664,A
539665,A
539666,C/D
539667,C/D
539668,C/D
539669,A
539670,A
539671,
539672,B
539673,B
539674,B
539675,
539676,C
539677,C
539678,C
539679,C
539680,D
539681,D
539682,D
539683,D
539684,B
539685,B
539686,B
539687,A
539688,A
539689,
539690,
539691,B
539692,B
539693,D
539694,D
539695,D
539696,D
539697,D
539698,B/D
539699,B/D
539700,B
539701,B
539702,B
539703,C/D
539704,C/D
539705,C/D
539706,C/D
539707,B
539708,B
539709,C
539710,A
539711,A
539712,A
539713,A
539714,A
539715,A
539716,A
539717,
539718,
539719,A
539720,A
539721,A
539722,A
539723,A
539724,A
539725,A
539726,A
539727,A
539728,A
539729,C/D
539730,C/D
539731,C/D
539732,C/D
539733,B
539734,B
539735,B
539736,B
539737,A
539738,A
539739,A
539740,A
539741,A
539742,A
539743,A
539744,A
539745,C
539746,C
539747,C
539748,C
539749,C
539750,B/D
539751,B
539752,C/D
539753,C/D
539754,C/D
539755,A
539756,C
539757,A
539758,
539759,D
539760,C
539761,C
539762,
539879,C/D
539880,C/D
539881,D
539882,B/D
539883,B
539884,B/D
539885,C/D
539886,D
539887,D
539888,D
539889,C/D
539890,C/D
539891,C/D
539892,C/D
539893,C/D
539894,C/D
539895,A
539896,B
539897,C/D
539898,C/D
539899,C/D
539900,C/D
539901,C/D
539902,A
539903,A
539904,A
539905,A
539906,A
539907,A
539908,A
539909,A
539910,A
539911,A
539912,A
539913,A
539914,C
539915,B/D
539916,B/D
539917,B
539918,C/D
539920,
539921,C/D
540689,C/D
540690,C/D
540691,D
540692,D
540693,B
540694,B/D
540695,A
540696,B/D
540697,B
540698,B
540699,B
540700,B
540701,B
540702,B
540704,B
540705,B
540706,B
540707,C/D
540708,C/D
540709,C/D
540710,C/D
540711,B
540712,B
540713,B
540714,B
540715,B
540716,B
540717,B
540718,B
540719,C/D
540720,A
540721,A
540722,A
540723,C
540724,D
540725,A
540726,A
540727,A
540728,A
540729,A
540730,B
540731,B
540732,B
540733,B
540734,B
540735,B
540736,B
540737,D
540738,D
540739,D
540740,D
540741,B
540742,B
540743,B
540744,B
540745,C
540746,C/D
540747,A
540748,A
540749,A
540750,A
540751,A
540752,C
540753,C
540754,C
540755,A
540756,
540757,C
540758,C
540759,C
540760,B
540761,B
540762,B/D
540763,C
540764,A
540765,A
540766,B
540767,B
540768,
540769,
540770,
540771,
540772,
540773,C/D
540774,C/D
540775,D
540776,D
540777,D
540778,C/D
540779,B
540780,B
540781,B
540782,B
540783,D
540784,D
540785,D
540786,D
540787,B
540788,B
540789,C
540790,B
540791,B
540792,B
540793,B
540794,C/D
540795,C/D
540796,C/D
540797,C/D
540798,B
540799,B
540800,B
540801,A
540802,
540803,A
540804,A
540805,A
540806,A
540807,A
540808,A
540809,A
540810,C/D
540811,B
540812,B
540813,B
540814,A
540815,A
540816,A
540817,A
540818,A
540819,A
540820,B/D
540821,B/D
540822,B/D
540823,D
540824,D
540825,B
540826,B
540827,B
540828,B
540829,A
540830,A
540831,A
540832,A
540833,C
540834,C
540835,C/D
540836,C/D
540837,D
540838,D
540839,D
540840,
540841,
540842,
540843,A
540844,C/D
540845,C/D
540846,C/D
540847,A
540848,B
540849,B
540850,B
540851,
540852,C
540853,
540854,C
540855,C
540856,C
540857,D
540858,D
540859,D
540860,D
540861,B
540862,B
540863,B
540864,D
540865,A
540866,A
540867,D
540868,D
540869,B
540870,D
540871,A
540872,
540873,C/D
540874,B
540875,B
540876,B
540877,B
540878,D
540879,D
540880,D
540881,B
540882,B
540883,C
540884,C
540885,B
540886,B
540887,B
540888,B
540889,B
540890,C/D
540891,C/D
540892,C/D
540893,B
540894,B
540895,B
540896,A
540897,A
540898,A
540899,
540900,B
540901,B
540902,B
540903,A
540904,A
540905,A
540906,A
540907,A
540908,A
540909,A
540910,C/D
540911,B
540912,B
540913,B
540914,A
540915,A
540916,A
540917,A
540918,A
540919,A
540920,B/D
540921,B/D
540922,B/D
540923,D
540924,B
540925,B
540926,B
540927,B
540928,B
540929,A
540930,A
540931,A
540932,A
540933,C
540934,C
540935,C
540936,C/D
540937,C/D
540938,D
540939,D
540940,D
540941,
540942,
540943,
540944,C/D
540945,C/D
540946,C/D
540947,A
540948,B
540949,B
540950,B
540951,C
540952,C
540953,C
540954,C
540955,D
540956,D
540957,D
540958,D
540959,B
540960,B
540961,B
540962,A
541144,D
541148,B
541159,B
541160,D
541164,C
541165,D
541167,D
541168,C/D
541180,C/D
541182,B/D
541194,C
541203,C/D
541204,C/D
541217,C/D
541245,C/D
541247,C
541254,C
541256,C
541257,C
541259,C/D
541260,C/D
541261,C/D
541262,D
541263,D
541264,B
541265,B
541266,B
541267,B
541271,C/D
541272,B
541273,B
541274,D
541275,D
541276,C/D
541277,C/D
541278,C/D
541279,B
541280,B
541281,B
541282,B
541283,C
541284,C
541285,C
541286,C
541287,B
541288,B
541289,B
541290,
541291,A
541292,A
541293,A
541294,B
541295,B
541296,B
541297,B
541298,B
541299,B/D
541300,D
541301,D
541302,D
541303,B
541304,B
541305,B
541306,B
541307,A
541308,A
541309,A
541310,C/D
541311,C
541312,D
541313,B/D
541314,C/D
541315,C/D
541316,B
541317,C
541318,C
541319,C
541320,C
541321,C
541322,B
541323,B
541324,B
541325,B/D
541326,B
541327,
541328,C
541329,C
541330,
541331,C/D
541332,C/D
541333,B
541334,
541335,
541336,B
541337,B
541338,B
541339,B
541340,B
541341,C/D
541342,C/D
541346,D
541347,
541350,B
541351,B
541352,D
541353,D
541354,B
541355,B/D
541356,B
541656,B
541657,B
541658,B/D
541659,C/D
541660,C/D
541661,C/D
541662,C/D
541663,C/D
541664,B
541665,C
541666,B
541667,B
541668,B
541669,B
541670,B
541671,B
541672,B
541673,D
541674,D
541675,D
541676,D
541677,
541678,
541679,C/D
541680,C/D
541681,C/D
541682,C/D
541683,C/D
541684,C/D
541685,
541686,C
541687,C
541688,C
541689,C
541690,C
541691,C
541692,C
541693,C
541694,C
541695,C/D
541696,C/D
541697,C/D
541698,C/D
541699,C/D
541700,C/D
541701,
541702,A
541703,A
541704,A
541705,A
541706,B
541707,C/D
541708,C/D
541709,C/D
541710,B/D
541711,B/D
541712,B/D
541713,
541714,C/D
541715,C/D
541716,C/D
541717,B
541718,B
541719,C
541720,C
541721,C
541722,
541723,
541724,
541725,
541726,
541727,
541728,
541729,
541730,
541731,
541732,C
541733,C
541734,D
541735,C/D
541736,C/D
541738,
541739,C/D
541740,D
541741,C/D
541742,C/D
541744,D
541745,C/D
541746,C/D
541747,C/D
541748,C/D
541749,C
541750,B
541751,B
541752,D
541753,D
541754,D
541755,D
541756,B/D
541757,B/D
541758,B/D
541759,B/D
541760,B
541761,B
541762,B
541763,B
541764,B
541765,B
541766,B
541767,B
541768,B
541769,B
541770,C
541771,C/D
541772,C/D
541773,D
541774,D
541775,D
541776,C/D
541777,C/D
541778,C/D
541779,C/D
541780,C/D
541781,B
541782,B
541783,B
541784,A
541785,A
541786,C
541787,A
541788,A
541789,A
541790,B
541791,B
541792,B
541793,A
541794,A
541795,A
541796,A
541797,C
541798,C
541799,A
541800,A
541801,B
541802,B
541803,B
541804,B
541805,B
541806,B
541807,B
541808,B/D
541809,D
541810,D
541811,B
541812,D
541813,B
541814,B
541815,B
541816,B
541817,B
541818,B
541819,A
541820,A
541821,A
541822,C
541823,C
541824,C/D
541825,C
541826,C
541827,C
541828,C
541829,C/D
541830,C/D
541831,A
541832,A
541833,A
541834,A
541835,A
541836,A
541837,A
541838,A
541839,A
541840,B
541841,B
541842,B
541843,B
541844,D
541845,D
541846,D
541847,D
541848,C/D
541849,B/D
541850,
541851,B
541852,C/D
541853,D
541854,D
541855,
541856,B
541857,A
541858,
541859,D
541860,D
541861,D
541862,D
541863,D
541864,B
541865,B
541866,B
541867,B
541868,C
541869,C
541870,C
541871,A
541872,C/D
541873,D
541874,A
541875,C/D
541876,C/D
541877,C/D
541878,B
541879,B
541880,B
541881,B
541882,B
541883,A
541884,
541885,C/D
541886,C/D
541887,C/D
541888,B/D
541889,B
541890,B
541891,B
541892,C/D
541893,C/D
541894,C/D
541895,C/D
541896,D
541897,D
541898,C/D
541899,C/D
541900,C/D
541901,C/D
541902,C
541903,C
541904,C
541905,C
541906,C/D
541907,C/D
541908,
541909,
541910,C
541911,C
541912,C
541913,C
541914,C
541915,C
541916,C
541917,C
541918,C
541919,A
541920,A
541921,A
541922,A
541923,A
541924,A
541925,B
541926,B
541927,B
541928,A
541929,A
541930,A
541931,A
541932,D
541933,B/D
541934,B
541935,B
541936,B
541937,B
541938,C
541939,C
541940,
541941,
541942,
541943,C/D
541944,C/D
541945,C/D
541946,C/D
541947,C/D
541948,C
541949,C/D
541950,C/D
541951,D
541952,D
541953,B/D
541954,B
541955,B
541956,B
541957,C
541958,B
541959,B
541960,B
541961,B
541962,B
541963,B
541964,B
541965,C/D
541966,C/D
541967,D
541968,D
541969,C/D
541970,C/D
541971,C/D
541972,C/D
541973,C/D
541974,B
541975,B
541976,C
541977,C
541978,B
541979,B
541980,B
541981,B
541982,B
541983,B
541984,B
541985,B
541986,B
541987,B
541988,B
541989,A
541990,A
541991,C
541992,C
541993,A
541994,A
541995,B
541996,B
541997,B
541998,B
541999,A
542000,A
542001,A
542002,A
542003,B
542004,B
542005,B
542006,B
542007,B
542008,B
542009,D
542010,D
542011,B
542012,B
542013,B
542014,B
542015,B
542016,A
542017,C
542018,C
542019,C
542020,C/D
542021,A
542022,A
542023,A
542024,A
542025,A
542026,B
542027,B
542028,B
542029,B/D
542030,D
542031,D
542032,D
542033,D
542034,
542035,C
542036,C
542037,D
542038,C/D
542039,
542040,A
542041,D
542042,
542043,A
542044,A
542045,D
542046,D
542047,D
542048,C
542049,C/D
542050,C/D
542051,D
542052,D
542053,B
542054,B
542055,C/D
542056,C/D
542057,B/D
542058,B
542059,B
542060,B
542061,B
542062,B
542063,B
542064,B
542065,C
542066,C/D
542067,D
542068,D
542069,D
542070,C/D
542071,C/D
542072,C/D
542073,C/D
542074,A
542075,A
542076,C/D
542077,C/D
542078,C/D
542079,C/D
542080,A
542081,A
542082,D
542083,D
542084,C/D
542085,C/D
542086,C/D
542087,A
542088,A
542089,A
542090,A
542091,A
542092,A
542093,A
542094,A
542095,A
542096,A
542097,A
542098,A
542099,A
542100,A
542101,A
542102,C
542103,C
542104,C/D
542105,C/D
542106,C/D
542107,B/D
542108,A
542109,C/D
542110,
542111,B
542112,B
542113,B
542114,B
542115,B
542116,B
542117,D
542118,C
542119,C
542120,C
542121,A
542122,
542123,C/D
542124,C/D
542125,C/D
542126,C
542127,C
542128,B/D
542129,B
542130,B/D
542131,C/D
542132,C
542133,B
542134,B
542135,D
542136,D
542137,D
542138,B
542139,B
542140,B
542141,B
542142,B
542143,B
542144,A
542145,A
542146,A
542147,A
542148,A
542149,D
542150,D
542151,D
542152,D
542153,D
542154,
542155,B/D
542156,C/D
542157,C/D
542158,C/D
542159,C/D
542160,C/D
542161,C/D
542162,B
542163,C/D
542164,C/D
542165,C/D
542166,B/D
542167,C/D
542168,A
542169,A
542170,A
542171,C
542172,C
542173,C
542174,
542175,
542176,D
542177,D
542178,D
542311,C/D
542312,C/D
542313,C/D
542314,C/D
542315,C/D
542316,C/D
542317,C
542318,B
542319,B
542320,B
542321,B
542322,B
542323,B
542324,B
542325,B
542326,B
542327,C/D
542328,C/D
542329,D
542330,D
542331,C/D
542332,C/D
542333,C/D
542334,C/D
542335,C/D
542336,C
542337,C
542338,B
542339,B
542340,B
542341,
542342,B
542343,B
542344,B
542345,B
542346,B
542347,B
542348,C
542349,C
542350,C
542351,C
542352,C
542353,B
542354,B
542355,A
542356,A
542357,A
542358,A
542359,A
542360,B/D
542361,B
542362,B
542363,B
542364,B
542365,B
542366,A
542367,B
542368,B
542369,B
542370,B
542371,B
542372,B
542373,A
542374,A
542375,A
542376,A
542377,A
542378,A
542379,A
542380,C
542381,C
542382,C
542383,C
542384,C
542385,C
542386,C
542387,C
542388,C/D
542389,A
542390,A
542391,A
542392,A
542393,A
542394,A
542395,B
542396,B
542397,B
542398,B
542399,B
542400,D
542401,D
542402,D
542403,
542404,D
542405,
542406,D
542407,C
542408,C
542409,
542410,
542411,
542412,
542413,
542414,A
542415,A
542416,
542417,D
542418,D
542419,D
542420,C/D
542421,C/D
542422,D
542715,D
542716,C/D
542717,C/D
542718,B
542719,B
542720,B
542721,B
542722,C/D
542723,C/D
542724,B
542725,B
542726,B
542727,B
542728,B
542729,B
542730,B
542731,B
542732,B
542733,B
542734,B
542735,B
542736,C
542737,B
542738,B
542739,B
542740,B
542741,B
542742,B
542743,B
542744,B
542745,B
542746,B
542747,B
542748,B
542749,B
542750,C
542751,B
542752,B
542753,B
542754,C/D
542755,B
542756,B
542757,B
542758,B
542759,B
542760,B
542761,B
542762,B
542763,B
542764,B/D
542765,B
542766,B
542767,B
542768,C/D
542769,C/D
542770,B
542771,B
542772,B
542773,A
542774,C
542775,B
542776,B
542777,B
542778,B
542779,B
542780,B
542781,C/D
542782,C/D
542783,B/D
542784,B/D
542785,B
542786,D
542787,A
542788,A
542789,A
542790,
542791,C
542792,C
542793,C
542794,B
542795,B
542796,B
542797,B
542798,B
542799,B
542800,
542801,C/D
542802,
542803,A
542804,A
542805,A
542806,B
542807,B
542808,C/D
542809,A
542810,B
542811,B
542812,B
542813,C/D
542814,B
542815,B
542816,B
542817,B
542818,B
542824,B
542825,B
542826,B
542827,B
542829,C
542830,C
542831,C
542832,B
542833,B
542834,B
542835,D
542836,D
542837,
542838,B
542839,B
542840,B
542841,B
542843,
542846,A
542847,A
542848,A
542849,A
542850,A
542851,A
542852,B
542853,B
542854,B
542855,B
542856,B
542857,C/D
542858,C/D
542859,B
542860,B
542861,B
542862,B
542863,B
542864,B/D
542865,B
542866,B
542869,D
542870,D
542871,A
542877,D
542880,B
542881,B
542882,B
542883,B
542884,B
542885,C/D
542886,C/D
542887,C/D
542888,C/D
542889,C/D
542892,A
542893,A
542895,C
542896,C
542897,C
542898,C
542899,C
542900,C
542901,C
542902,C/D
542903,C/D
542904,C/D
542910,B
542911,B
542913,C
542914,C
542915,C
542916,C
542917,C
542920,D
542921,B
542922,B
542923,B
542926,B
542927,B
542936,C
542937,B
542938,B
542939,B
542940,A
542941,A
542942,A
542943,
542944,C/D
542945,C/D
542947,C
542948,C
542949,D
542950,D
542951,C
542952,B
542953,B
542955,
542956,
542957,
542958,
542959,
542960,
542961,C/D
542962,C/D
542963,C/D
542964,D
542965,D
542966,D
542967,D
542968,D
542969,B
542970,B
542971,B
542972,B
542973,A
542974,A
542975,B
542976,B
542977,B
542978,B
542979,B
542980,B
542981,B
542982,B
542983,C/D
542984,B
542985,B
542986,B
542987,B
542988,B
542989,D
542990,D
542991,C/D
542992,C/D
542993,C/D
542994,B
542995,B
542996,B
542997,C
542998,C
542999,C
543000,C
543001,D
543002,D
543003,
543004,B
543005,B
543006,B
543007,B
543008,A
543009,A
543010,A
543011,A
543012,A
543013,A
543014,B
543015,B
543016,B
543017,B
543018,A
543019,A
543020,A
543021,C/D
543022,C/D
543023,B
543024,A
543025,A
543026,A
543027,A
543028,B/D
543029,B
543030,B
543031,B
543032,B
543033,B
543034,B
543035,B
543036,D
543037,B
543038,B
543039,B
543040,B
543041,B
543042,B
543043,B
543044,D
543045,C/D
543046,C/D
543047,A
543048,B/D
543049,C
543050,C/D
543051,C/D
543052,B
543053,B
543054,B
543055,C
543056,C
543057,C
543058,C
543059,C
543060,C
543061,D
543062,B
543063,B
543064,B
543065,B
543066,B
543067,
543068,C/D
543069,C
543070,C
543071,D
543072,D
543073,C
543074,
543075,D
543076,C/D
543077,C/D
543078,C/D
543079,D
543080,
543081,
543082,
543083,
543084,
543085,
543086,
543087,
543088,
543089,
543090,
543091,
543092,
543093,
543094,
543095,D
543096,D
543097,D
543098,B
543099,B
543100,D
543101,D
543102,D
543103,A
543104,A
543105,A
543106,A
543107,A
543108,A
543109,A
543110,B
543111,B
543112,B
543113,B
543114,B
543115,B
543116,B
543117,B
543118,C/D
543119,D
543120,D
543121,C/D
543122,C/D
543123,C/D
543124,C/D
543125,B
543126,B
543127,B
543128,C
543129,C
543130,C
543131,C
543132,D
543133,D
543134,B
543135,B
543136,B
543137,B
543138,A
543139,A
543140,A
543141,A
543142,C/D
543143,B
543144,C
543145,B
543146,B
543147,B
543148,A
543149,A
543150,A
543151,C/D
543152,C/D
543153,C/D
543154,A
543155,A
543156,A
543157,A
543158,B/D
543159,D
543160,B
543161,B
543162,B
543163,B
543164,B
543165,B
543166,B
543167,D
543168,C/D
543169,C/D
543170,A
543171,B/D
543172,C
543173,C/D
543174,C/D
543175,B
543176,B
543177,C
543178,C
543179,C
543180,C
543181,C
543182,C
543183,B
543184,B
543185,B
543186,B
543187,B
543188,
543189,C
543190,C
543191,D
543192,C/D
543193,C/D
543195,D
543196,
543197,
543198,
543199,
543200,
543201,
543202,
543203,
543204,
543205,
543206,
543207,
543208,
543209,
543210,B
543211,B
543212,B
543213,B
543214,D
543215,D
543217,B
543218,B
543219,B
543220,D
543221,D
543222,D
543223,A
543224,A
543225,A
543235,A
543236,A
543237,A
543239,B
543240,B
543241,B
543242,B
543243,B
543244,D
543245,D
543246,C/D
543247,C/D
543257,D
543258,D
543259,D
543262,C
543263,C
543264,C
543271,A
543272,A
543276,B/D
543281,B
543282,B
543284,A
543285,A
543286,A
543291,A
543292,A
543293,A
543294,A
543295,B/D
543298,B
543299,B
543300,B
543301,B
543302,B
543304,B
543312,
543318,
543320,C
543324,B
543326,B
543327,C
543328,C
543329,C
543330,C
543331,C
543343,
543344,
543359,D
543360,D
543361,
543362,B
543363,B
543364,B
543365,B
543374,C
543375,C
543588,D
543589,D
543590,D
543591,A
543592,A
543593,D
543594,D
543595,D
543596,A
543597,A
543598,A
543599,B
543600,B
543601,B
543602,C/D
543603,B
543604,B
543605,B
543606,B
543607,B
543608,B
543609,B
543610,B
543611,C/D
543612,D
543613,D
543614,B
543615,B
543616,B
543617,C
543618,D
543619,D
543620,D
543621,B
543622,B
543623,
543624,A
543625,A
543626,C/D
543627,C/D
543628,B
543629,B
543630,B
543631,B
543632,A
543633,A
543634,A
543635,A
543636,A
543637,B/D
543638,C
543639,C
543640,C
543641,B
543642,B
543643,B
543644,A
543645,A
543646,A
543649,C/D
543650,C/D
543651,B/D
543652,B/D
543653,D
543654,D
543655,D
543656,D
543657,D
543658,B
543659,B
543660,B
543661,B
543662,B
543663,B
543664,B
543665,C
543666,C
543667,C/D
543668,C/D
543669,C/D
543670,C/D
543671,C/D
543672,A
543673,B
543674,B
543675,B
543676,B
543677,B
543678,B
543679,B
543680,C
543681,C/D
543682,C/D
543683,C/D
543684,C/D
543685,C/D
543686,C/D
543687,C
543688,C
543689,C
543690,C
543691,C
543692,C/D
543693,C/D
543694,C/D
543695,C/D
543696,B
543697,B
543698,B
543699,B
543700,C
543701,B
543702,B
543703,B
543704,B
543705,B
543706,B
543707,
543708,A
543709,C/D
543710,C/D
543711,C/D
543712,C
543713,C
543714,C
543715,D
543716,D
543717,D
543718,C
543719,B
543720,B
543721,B
543722,C/D
543723,C/D
543725,B
543726,C/D
543727,B
543728,C
543729,C
543730,C
543731,
543732,
543733,
543734,
543735,
543736,
543737,
543738,
543739,
543740,
543741,
543742,
543743,
543744,
543745,
543746,
543747,
543748,
543749,
543750,
543751,
543752,
543753,
543754,
543755,
543756,B
543757,B
543758,D
543759,D
543760,D
543761,D
543863,A/D
543865,B
543866,B
543867,B
543870,B
543881,B/D
543882,B
543884,B
543885,C
543887,B
543889,B
543891,B
543893,B
543895,C/D
543896,D
543897,C/D
543904,D
543906,C/D
543916,D
543919,D
543925,D
543926,D
543927,B
543928,B
543929,B
543930,B
543931,A
543932,A
543933,A
543934,B
543935,B
543936,B
543937,B
543938,B
543939,B
543940,B
543943,B
543944,C/D
543945,C/D
543947,C/D
543949,C/D
543950,C/D
543951,D
543953,D
543954,D
543955,A
543956,
543972,A/D
543973,C
543974,C
543976,C
543985,B
543988,B
543990,B
543996,B
543998,B
544002,A
544003,A
544005,A
544007,A
544008,A
544009,A
544010,A
544011,A
544012,A
544013,A
544015,A
544024,C/D
544025,C/D
544026,C/D
544029,D
544031,D
544033,C/D
544034,B
544037,B
544040,B
544042,B
544043,B
544046,A
544048,A
544050,A
544052,A
544054,A
544056,A
544058,A
544059,A
544060,A
544066,C
544068,C
544070,C
544072,C
544073,B/D
544074,A
544075,A
544076,B
544078,B
544080,B
544083,B
544087,D
544088,D
544089,D
544090,D
544091,D
544093,C
544094,B/D
544095,B/D
544099,
544100,A
544101,C/D
544102,
544104,
544105,
544109,D
544110,D
544111,D
544112,B
544113,B
544115,B
544117,B
544118,B
544119,B
544120,B
544121,B
544122,
544123,
544124,
544125,
544126,
544127,C
544128,C/D
544129,C/D
544130,C/D
544131,C/D
544132,B
544136,A
544137,A
544138,C
544556,B/D
544557,D
544559,D
544560,D
544561,B
544562,B
544563,B
544566,D
544567,D
544568,C/D
544569,C/D
544570,A
544571,A
544574,D
544575,D
544576,D
544577,D
544579,A
544580,C/D
544581,B
544582,C/D
544583,C/D
544584,C/D
544585,C
544586,C
544587,C
544591,C
544592,C
544594,C
544595,C
544596,
544598,
544600,
544601,B
544602,B/D
544603,C
544604,C
544605,C/D
544606,C/D
544607,D
544608,D
544609,A
544610,C
544611,C
544612,A
544613,C/D
544614,C/D
544615,C
544616,C
544617,C
544618,C/D
544619,C/D
544620,C/D
544621,C/D
544622,B/D
544623,A
544624,A
544625,A
544626,C/D
544628,D
544629,D
544630,C
544631,C
544632,C
544633,B
544637,C/D
544638,C/D
544639,C/D
544640,B/D
544641,C
544642,C
544643,C
544644,D
544645,D
544646,D
544647,B/D
544648,B/D
544649,C/D
544652,
544654,
544655,
544656,C
544657,C
544658,C
544659,C
544660,C
544661,C
544662,C
544666,C/D
544667,C/D
544668,C/D
544669,
544670,C/D
544672,C/D
544673,C/D
544674,C/D
544675,C/D
544677,A
544678,A
544679,A
544680,A
544681,A
544684,A
544685,
544687,
544800,B
544802,D
544804,D
544805,B/D
544813,B
544817,B
544818,B
544819,B
544820,B
544821,B
544822,B
544823,B
544824,D
544825,D
544827,C/D
544829,C/D
544833,C/D
544834,C/D
544835,B
544836,B
544838,B
544842,B
544844,D
544845,D
544846,A
544847,A
544848,C
544849,A
544856,A
544857,A
544858,A
544859,C
544861,B
544863,B
544865,B
544867,B
544869,C
544870,A
544871,A
544872,A
544873,A
544874,B
544875,B
544876,B
544883,B
544885,C
544886,D
544887,D
544889,D
544891,D
544896,B
544897,B
544899,B
544902,B
544903,B
544908,C
544910,C
544912,B/D
544913,C/D
544915,B
544916,B
544919,B
544920,C
544921,C
544922,C
544923,D
544924,B/D
544925,B
544926,C/D
544927,
544929,C
544930,C
544931,C
544932,C
544933,C
544934,C
544936,D
544938,
544939,
544946,D
544947,D
544948,D
544949,C
544950,C
544951,C
544952,C
544967,C
545061,D
545063,D
545064,B/D
545065,C
545067,C
545068,C
545071,C
545074,B
545075,B
545076,B
545077,B
545078,B
545079,C
545080,C
545081,D
545082,D
545083,C/D
545084,C/D
545085,C/D
545086,C/D
545087,B
545088,B
545089,B
545090,C
545092,D
545093,C
545094,C/D
545095,A
545096,A
545097,A
545098,A
545099,A
545100,A
545101,A/D
545102,A/D
545103,B
545104,B
545105,C
545106,B
545107,B
545108,B
545109,C/D
545110,A
545111,A
545112,A
545113,A
545114,A
545115,B
545116,B
545117,B
545118,C
545120,C
545123,A
545124,A
545125,A
545126,B
545127,B
545128,B
545129,B
545130,B
545131,B
545132,B
545133,B
545134,B
545135,B
545136,B
545137,B
545138,B
545139,B
545148,B
545149,B
545150,B/D
545151,B
545152,B
545153,B
545155,B
545156,B
545157,C/D
545159,A
545160,A
545161,C
545162,C
545163,D
545164,C/D
545165,B/D
545166,C/D
545168,B
545169,B
545170,B
545171,B
545172,B
545173,B
545174,B
545177,B
545178,B
545179,B
545180,C
545181,C
545182,C
545184,C
545185,D
545186,B/D
545187,B
545188,C/D
545189,
545190,B/D
545191,C/D
545192,B
545193,B
545194,B
545195,C
545196,C
545197,C
545198,C
545199,C
545200,D
545201,B
545202,B
545203,B
545204,C
545205,C
545206,C
545207,C
545209,D
545210,
545211,
545212,
545213,
545214,
545215,
545217,A
545218,A
545220,
545224,D
545226,D
545228,D
545230,D
545231,D
545232,D
545233,D
545234,B
545235,B
545236,B
545237,C
545238,C
545239,C
545244,B
545245,
545249,C
545446,B
545447,B
545448,B
545449,B
545450,D
545451,D
545452,D
545453,D
545454,B
545455,B/D
545456,B
545457,B
545458,B
545459,B
545460,D
545461,D
545462,C/D
545463,C/D
545464,C/D
545465,C/D
545466,
545467,A
545468,B
545469,B
545470,B
545471,B
545472,B
545473,B
545474,B
545475,B
545476,B
545477,A
545478,A
545479,A
545480,A
545481,C
545482,C
545483,C/D
545484,
545485,A
545486,A
545487,A
545488,B
545489,B
545490,B
545491,B
545492,B
545493,B
545494,A
545495,A
545496,A
545498,
545499,D
545500,D
545501,D
545502,D
545503,D
545504,D
545505,B
545506,B
545507,B
545508,B
545509,B
545510,B
545511,A
545512,B/D
545513,C
545514,C
545515,C
545516,B
545517,B
545518,C/D
545519,C/D
545520,A
545521,A
545522,A
545523,B
545524,B
545525,B/D
545526,B
545527,D
545528,D
545529,D
545530,D
545531,C/D
545532,B/D
545533,B
545534,D
545535,
545536,
545537,D
545538,A
545539,
545540,C/D
545541,C
545542,D
545543,D
545544,D
545545,D
545546,D
545547,A
545548,A
545549,A
545550,A
545551,B
545552,B
545553,B
545554,C/D
545555,A
545556,B
545557,B
545558,B
545559,C/D
545560,B
545561,B
545562,B
545563,C/D
545564,C
545565,B
545566,B
545567,B
545568,C
545569,C
545570,C
545571,B
545572,B
545573,B
545574,D
545575,D
545576,
545577,
545578,C/D
545579,A
545580,A
545581,A
545582,A
545583,A
545584,A
545585,B
545586,B
545587,B
545588,C/D
545589,C/D
545590,B
545591,B
545592,B
545593,B
545594,B/D
545595,B
545596,B
545597,D
545598,D
545599,D
545600,D
545601,D
545602,B
545603,B
545604,B
545605,B
545606,B
545607,C/D
545608,C/D
545609,C/D
545610,C/D
545611,C
545612,C
545613,C
545614,C
545615,C/D
545616,C/D
545617,C/D
545618,B
545619,B
545620,B
545621,B
545622,B
545623,B
545624,C
545625,C
545626,C
545627,C
545628,C
545629,D
545630,B
545631,B
545632,B
545633,C
545634,B
545635,A
545636,
545637,C/D
545638,C/D
545639,B
545640,B
545641,B
545642,B
545643,C
545644,C
545645,D
545646,D
545647,D
545648,B/D
545649,C/D
545650,C
545651,B
545652,B
545653,B
545654,
545655,
545656,
545657,
545658,C/D
545659,C/D
545660,C/D
553120,C/D
557257,B
557258,B
557260,A
557261,A
557295,A
557296,A
557297,A
557298,B
557301,B
557302,B
557319,B
557320,B
557325,B
557326,C/D
557332,C/D
557333,B/D
557335,B
557336,B
557337,C
557338,C
557342,C
557343,C
557345,B
557346,B
557347,C/D
557359,A
557360,D
557361,D
557362,C
557364,
557366,
557367,
557378,
557409,C
557410,D
557411,C
557412,C
557469,B
557475,B
557477,A
557479,D
557483,
557485,C/D
557486,C/D
557487,C/D
557490,C/D
557491,C/D
557492,A
557493,A
557494,A
557495,A
557496,A
557497,
558453,
558454,C/D
559060,B
559061,B
559062,B
559063,B
559064,A
559065,A
559067,B
559310,
561310,D
561329,A
561370,D
561743,B
561751,B
561806,A
563157,B
563160,C/D
563167,B
563168,B
563489,C
563490,C
563491,C
563496,C
563613,A
563636,A/D
563638,D
563645,D
563650,D
563700,A
563751,A
563754,A
563788,C/D
563789,C/D
563793,C/D
563795,B/D
580374,C
581183,
581186,
581191,A
581192,A
581198,B
581238,
581239,
581241,
601848,C/D
601849,C/D
607888,B/D
608028,
621314,A
633067,A
633071,D
641304,C/D
641311,B
641312,B
641313,B
641314,B
641315,B
641347,C/D
641348,B
641349,D
641350,A
641351,A
641352,A
641353,A
641354,A
641355,A
641356,B
641359,D
641360,B
641361,B
641362,B
641363,B
641364,C
641365,C
641366,C
641368,B
641370,C/D
641371,C
641372,C
641373,C/D
641374,C/D
641376,B
641377,B
641387,B
641388,C/D
641407,C
641418,C
641464,B
641466,B
641469,B
641475,D
641476,D
641478,D
641480,D
641481,B
641483,B
641484,B
641487,C/D
641488,C/D
641491,
641505,B
641522,C/D
641523,C/D
641525,C/D
641526,C/D
641527,C/D
641532,B
641533,B
641535,B
641536,B
641537,D
641538,D
641543,C
641546,B
641547,B
641550,B
641553,B
641556,B
641558,B
641559,B
641560,B
641561,B
641583,B
641584,B
641586,B
641588,B
641589,B
641590,B
641591,
641605,D
641609,C
641614,
641615,
641617,
641618,
641619,
641620,
641624,
641625,
641626,
641627,
641632,
641633,
641635,
641636,
641637,
641641,
641642,C/D
641643,C/D
693671,B
693672,B
693673,D
693674,D
693675,B
693676,B
693677,B
693678,B/D
693681,B
693682,B
693683,B
693684,B
693685,B
693686,B
693687,B
693688,B
693689,B
693690,C/D
693691,D
693692,D
693693,C/D
693694,C/D
693695,C/D
693696,C/D
693703,B
693704,A
693705,B
693706,B
693707,B
693708,B
693709,B
693710,B
693711,B
693712,A
693720,B
693721,B
693728,C
693729,C
693732,C/D
693733,C/D
693734,B
693735,B
693736,B
693737,B
693738,B
693739,B
693740,B
693741,B
693742,B
693743,B
693744,A
693747,A
693748,A
693749,A
693750,B
693751,B
693752,B
693753,B
693754,B
693755,B
693762,B
693763,B
693764,B
693765,B
693766,A
693767,A
693768,C
693769,
693773,B/D
693774,B/D
693775,C/D
693776,C/D
693777,C
693778,A
693779,A
693781,B
693782,B
693783,B
693784,C
693785,C
693786,C
693787,C
693788,C/D
693789,
693790,D
693792,A
693793,D
693794,
693795,
693796,B/D
693797,D
693798,D
693799,D
693800,D
693894,C/D
693895,C
693896,B
693897,B
693898,D
693899,D
693903,B/D
693904,B
693905,C
693906,B
693907,B
693908,B
693909,B
693910,B
693911,B
693912,B
693913,B
693914,B
693915,C/D
693916,D
693917,D
693918,C/D
693919,C/D
693920,C/D
693921,C/D
693922,B
693923,B
693924,C
693925,B
693926,B
693927,B
693929,A
693932,B
693933,B
693934,B
693935,B
693936,B
693937,A
693943,B
693944,B
693945,B
693946,B
693947,A
693948,A
693949,A
693950,A
693951,A
693952,A
693953,C
693954,C
693955,C/D
693956,C/D
693959,B
693960,B
693961,B
693962,B
693963,B
693964,B
693965,B
693966,B
693967,B
693968,B
693969,A
693970,A
693971,A
693972,A
693973,A
693974,A
693980,B
693981,D
693982,D
693983,D
693984,D
693985,D
693986,D
693987,B
693988,B
693989,B
693990,B
693991,A
693992,A
693993,C
693995,C
693996,C
693997,C
693998,B/D
693999,B/D
694000,C/D
694001,C/D
694002,C
694003,A
694004,A
694005,A
694006,B
694007,B
694008,B
694009,C
694011,C
694013,C/D
694014,
694015,D
694016,C/D
694017,A
694018,D
694019,
694020,
694022,D
694023,D
694024,D
694025,D
696114,A
696115,A
696117,B
696119,C
696120,C
696289,B
696291,C
696292,C
696293,
696419,B
697179,B/D
697304,A
697314,C
697315,C
697365,A/D
697366,A
697368,A
697369,A
697371,A
697372,A
697373,A
699211,B
699216,B/D
708031,B/D
712905,C
712906,C
737593,C/D
737594,D
737597,B
737598,B
737599,B
737600,B
737601,D
737602,C/D
737603,C/D
737604,B
737605,A
737606,A
737607,A
737608,A
737609,A
737610,C
737611,C/D
737612,B
737613,B
737614,A
737615,A
737616,A
737617,A
737618,A
737619,A
737620,C
737621,C
737622,C
737623,C
737624,C/D
737625,
740652,
740653,
740654,
740939,C
741008,C
742574,C/D
747960,C
748872,C
756351,
780676,C/D
784521,
784522,
784523,
784524,
784525,
784526,
810899,C
810907,C
810908,C
815449,C/D
815450,C/D
815473,B
815475,B
815476,B
815477,B
818248,C/D
818343,C/D
818344,C/D
818345,C
818346,C
818347,C/D
821013,
822379,C
822380,C
822381,C
825016,C
825017,A
825018,A
825019,B
825020,B
825021,B
849254,A
868626,A
868627,A
868628,A
868629,A
868630,A
868631,A
868632,A
868860,A
886378,
886379,
886383,
886498,B
886499,B
886521,C/D
886522,D
886523,C/D
886524,D
886525,D
886526,D
886527,D
886533,C/D
886536,C/D
886543,C
886616,C/D
886617,A
886618,A
886619,B
886620,B
889558,
893115,B
893116,B
893117,B
893118,B
893119,B
893120,B
893121,C/D
893122,C/D
893139,A
927059,D
927072,
927073,A
927126,
984438,C/D
984439,C
984440,C
984442,A
984443,A
984444,A
984445,A
984446,A
984447,A
984448,A
984449,A
984450,B
984451,B
984452,B
984453,C
984454,C
984455,C/D
984456,C/D
984458,B
984461,B
984463,B
984465,B/D
984466,D
984467,D
984468,C
984469,D
984470,C
984471,B
984473,C/D
984474,B
984476,B
984478,B
984479,B
984480,B
984481,B
984482,B
984483,B
984484,B
984485,B
984486,B
984487,C/D
984488,C/D
984489,C/D
984490,C/D
984492,C/D
984493,A
984494,C
984495,C
984496,C
984497,B
984499,B
984501,B
984504,B
984507,B
984508,B
984509,B
984511,B
984512,B
984513,B/D
984514,C
984515,C
984516,C
984517,C
984518,C
984519,C
984520,C
984521,C
984522,C
984523,C
984524,C/D
984525,B
984526,B
984527,B/D
984528,C/D
984530,C/D
984531,B/D
984532,C
984533,C/D
984534,C/D
984535,C/D
984537,C/D
991684,
991685,
1018096,
1018097,
1018142,A
1019413,D
1019414,A/D
1019415,
1019416,A
1019417,A
1019423,A
1019425,A
1019427,D
1019429,
1019436,A
1020155,D
1292511,C/D
1379906,
1379907,
1379908,
1383600,D
1383604,C
1383606,C
1383607,C
1383608,C
1383609,D
1383610,D
1383612,D
1383613,A
1383615,A
1383618,D
1383619,D
1383620,C
1383622,C
1383623,D
1383625,B
1383626,B
1383633,
1383634,
1383635,
1383636,
1383637,
1383736,
1397159,A
1397668,D
1397669,D
1397670,B/D
1397671,B/D
1397672,B
1397673,B
1397674,B
1397683,C/D
1397684,C/D
1397685,B
1397686,B
1397689,A
1397690,A
1397694,C/D
1397695,C
1397696,C/D
1397934,B
1397935,B
1397936,B
1397937,B
1397938,B
1397939,B
1397940,A
1397941,A
1397942,A
1397943,A
1397944,A
1397945,D
1397946,C
1397947,C
1397948,C
1397951,C
1397952,C/D
1397953,D
1397954,
1397955,
1397956,
1397957,
1397964,
1397966,
1403667,
1405374,
1406546,B
1413888,D
1413889,D
1413890,
1413891,C
1413892,
1413893,A
1413894,
1413897,B
1413898,B
1413899,B
1413900,A
1413901,
1413902,C
1413904,C
1413905,B
1413906,
1414170,
1414826,B
1415802,
1415845,A
1419930,
1419932,
1423086,D
1423087,C
1423088,C
1423089,C
1423090,C
1423091,C
1423092,
1423093,
1451337,B
1451338,B
1451339,B
1451341,B
1451342,A
1451343,A
1451344,A
1452231,B
1452232,
1452375,C/D
1452376,A/D
1452377,B
1452378,B
1452379,B
1452380,B
1452381,C/D
1452382,C/D
1452383,C/D
1452384,B
1452385,B
1452386,B
1452387,B
1452388,B
1452389,C
1452390,C
1452391,C
1452392,C
1452394,C
1452395,C/D
1452396,C/D
1452397,C/D
1452400,C/D
1452401,C
1452402,C
1452405,C
1452406,A
1452408,C/D
1452415,A
1452417,C/D
1452422,C
1452501,C
1452505,C/D
1452543,B
1452544,B
1452545,A
1452546,C
1452547,C
1452548,C
1452549,C
1452550,C
1452551,
1452552,C
1452553,C
1452554,C
1452555,C
1452556,C
1478520,
1478524,B
1478525,A
1478526,C/D
1478527,C/D
1478658,B
1479506,B/D
1479507,A
1479508,C/D
1479509,D
1479510,D
1479511,B
1479512,B
1479513,B
1479514,B
1479516,B
1479517,B
1479518,B
1479519,B/D
1479520,C
1479521,C
1479558,B
1479559,B
1479560,B
1479561,B
1479562,B
1479563,C/D
1479565,B
1479567,C
1479568,
1479569,
1479570,
1479571,
1479572,
1479573,D
1479575,
1479584,C/D
1479592,
1481603,C/D
1481605,C/D
1481606,C/D
1482148,D
1482809,C
1482810,C
1482811,
1482812,
1482813,A/D
1482814,B
1482815,B
1482816,C/D
1482817,A
1482818,A
1482819,A
1482828,
1482829,
1482830,
1486410,B/D
1486423,C
1486466,B
1486879,
1539361,B
1539362,B
1539363,B
1539364,
1539365,B
1539367,C/D
1539368,C/D
1539370,
1540559,
1540901,
1547171,
1547172,
1585835,
1587918,B
1587919,A
1588141,
1591023,B/D
1591024,B/D
1591025,B/D
1591026,D
1591027,D
1591028,D
1591029,C
1591030,C
1591031,C
1591032,C
1591033,C
1591034,C
1591035,C
1591036,B
1591037,A
1591038,A
1591039,B
1591040,B
1591041,B
1591042,D
1591043,D
1591044,A
1591045,C/D
1591046,C/D
1591047,C/D
1591048,C
1591049,C/D
1591050,C/D
1591051,C/D
1591052,C/D
1591053,C/D
1591054,C/D
1591055,C/D
1591056,B
1591057,B
1591058,D
1591059,D
1591060,D
1591061,D
1591062,D
1591063,D
1591064,D
1591065,C/D
1591066,C/D
1591067,C/D
1591068,C/D
1591069,C
1591070,C
1591071,C
1591072,C/D
1591073,C/D
1591074,C/D
1591075,C/D
1591076,C/D
1591077,C/D
1591078,C/D
1591079,C/D
1591080,A
1591081,A
1591082,A
1591083,A
1591084,C
1591085,C
1591086,C
1591087,C
1591088,B
1591089,B
1591090,B
1591091,A
1591092,A
1591093,A
1591094,A
1591095,A
1591096,A
1591097,A
1591098,C/D
1591099,C/D
1591100,C/D
1591101,C/D
1591102,D
1591103,D
1591104,D
1591105,B
1591106,B
1591107,B
1591108,C
1591109,C
1591110,D
1591111,D
1591112,C
1591113,C
1591114,C
1591115,D
1591116,C
1591117,C
1591118,C
1591119,
1591120,
1591121,
1591122,
1591123,
1591124,
1591125,
1591126,
1591127,
1591128,
1591129,
1591130,B/D
1591131,C
1591132,C
1591133,C
1591134,D
1591135,D
1591136,C/D
1591141,C/D
1591142,C/D
1591143,C
1591144,C
1591145,C
1591146,C
1591147,C
1591148,C
1591149,A
1591150,A
1591151,A
1591152,A
1591153,B
1591154,B
1591155,B
1591156,A
1591157,A
1591158,A
1591159,B
1591160,B
1591161,A
1591162,A
1591163,A
1591164,C/D
1591165,C/D
1591166,D
1591167,D
1591168,A
1591169,A
1591170,A
1591171,A
1591172,A
1591173,C
1591174,C
1591175,C
1591176,C
1591177,C
1591178,C
1591179,C
1591180,D
1591181,C/D
1591182,A
1591183,C/D
1591184,C/D
1591185,A
1591186,A
1591187,C
1591188,D
1591189,C/D
1591190,B/D
1591191,B/D
1591192,
1591193,
1591194,
1591390,B
1596613,D
1596614,D
1598510,
1598511,
1598512,
1599929,A
1599955,C
1599956,C
1599957,C
1599958,C
1599959,C
1599960,C
1599961,C
1601896,C/D
1602815,B/D
1605127,C/D
1606211,B
1611960,
1611961,
1611962,
1611963,
1611964,
1611965,
1611966,
1611967,
1611969,
1612038,
1612039,
1612044,
1612045,
1612046,
1612202,C/D
1612204,B
1612205,B
1612206,B
1612208,B
1612211,B
1612212,B/D
1612213,B/D
1612214,B/D
1612215,C
1612216,B
1612217,B/D
1612218,C/D
1612219,
1612221,
1612222,C
1612223,C
1612239,C
1612240,C
1612241,C
1612242,
1612243,
1612244,
1612245,
1612246,
1612247,
1612248,
1612249,
1612250,
1612251,
1678194,B
1678195,B
1678196,B/D
1678197,C/D
1678199,C/D
1678200,C/D
1678201,C/D
1678203,
1678204,
1678205,C/D
1678206,C/D
1678207,C/D
1678208,C/D
1678209,C/D
1678210,C/D
1678211,C
1678212,C
1678213,C
1678214,
1678218,A
1678219,A
1678220,A
1678227,B/D
1678228,A
1678229,B
1678230,
1678240,
1678241,C
1678242,C
1678243,C
1678244,C
1678245,
1678246,
1678247,D
1678248,D
1678250,C/D
1678251,C/D
1678252,C
1678253,C
1678254,C
1678255,C
1678256,C
1681122,C
1684372,
1704638,B/D
1720831,B
1720832,B
1720833,B
1720834,C/D
1720835,C/D
1720836,B/D
1720838,C/D
1720841,D
1720843,C/D
1720844,C/D
1720845,C/D
1720846,C/D
1720848,C/D
1720849,C/D
1720850,C/D
1720851,C/D
1720853,B
1720854,B
1720857,C/D
1720858,C/D
1720859,C/D
1720860,C/D
1720861,C/D
1720872,C/D
1720874,C/D
1720876,C/D
1720877,C/D
1720878,C/D
1720880,C
1720881,C
1720883,C
1720884,C
1720885,C
1720886,C
1720890,C/D
1720891,C/D
1720892,A
1720893,A
1720894,C
1720900,D
1720901,D
1720902,B/D
1720904,B
1720905,C/D
1720906,
1720909,B
1720910,B
1720916,D
1720917,D
1720918,C
1720919,C
1720921,C
1720923,C
1720924,C/D
1720925,C/D
1720926,
1720927,C
1720928,C
1720929,C
1720931,C
1720936,C/D
1720937,C/D
1720938,C/D
1720940,C/D
1720942,B
1720944,C
1720945,C
1720946,C
1720947,C
1720951,A
1720952,A
1720953,A
1720954,A
1720955,B
1720956,B
1720957,A
1720958,A
1720959,A
1720960,D
1720961,D
1720964,C
1720965,A
1720966,A
1720967,A
1720969,D
1720970,D
1720971,D
1882711,C
1882857,D
1882874,A
1882899,C
1882900,C
1882901,C
1882902,C
1883573,D
1883684,A
1883685,A
1883730,B
1883737,D
1883738,D
1883739,D
1883744,D
1883745,D
1883746,D
1883747,D
1885362,C
1885363,C
1903398,
1904594,C
1904595,C
1904610,B
1904611,B
1904612,B/D
1913123,C
1913124,C
1913125,C
1913126,C
1913127,C/D
1913128,C/D
1913129,C/D
1913130,D
1913131,D
1913132,D
1914217,D
1914218,D
1914219,D
1914220,C/D
1914225,
1914226,
1914229,
1914230,
1946672,A
1946850,A/D
1947959,D
1947960,A
1947969,D
1947970,A
1947971,D
1948749,D
1948750,D
1948751,D
1948773,A
1948774,A
1948775,A
1948776,A
1948777,A
1948778,B
1948779,B
1948782,B/D
1948797,C
1948802,C
1948818,C
1948832,B
1948840,B
1948846,B/D
1948853,B/D
1948855,C/D
1948859,B
1948870,C
1948898,C/D
1948911,D
1948912,D
1948917,C
1948925,
1948926,
1948969,C
1948970,
1948971,
1948972,
1948973,
1948974,
1948975,
1948976,
1948977,
1948979,
1948980,
1948981,
1948982,
1948983,
1948984,
1948985,D
1948986,D
1948987,D
1948988,C
1948989,
2229473,D
2229474,D
2229475,C
2229476,C
2229477,C
2229478,C
2229479,C/D
2229480,
2229481,
2229482,
2229484,
2229485,
2229486,
2229487,
2229488,
2229489,
2229490,
2229491,
2229492,
2229493,
2229494,
2229495,
2229496,
2229497,
2229498,
2229499,
2229500,
2229501,
2230315,B
2230316,B
2230319,C
2230323,B/D
2230591,D
2230593,B
2230634,B
2230635,B
2232575,D
2232610,B
2232611,B
2232612,B
2232613,C
2232614,C
2232615,C
2232616,C
2232617,C
2232621,B
2232623,B
2232624,C/D
2232625,C
2232626,C
2232630,D
2232631,D
2232635,D
2233645,A
2233646,A
2233647,A
2233648,A
2233649,A
2233650,D
2233651,D
2233697,B
2233698,B
2233699,B
2233702,B
2233703,B
2233709,B
2233712,B
2233717,D
2248203,B
2248205,B
2249335,C
2249945,A
2249946,C
2249947,
2373780,C/D
2373782,C/D
2373783,C/D
2375505,B
2375506,B
2376129,
2377118,C/D
2377818,D
2377824,D
2379116,B
2379913,C
2379949,B
2383940,
2384071,B
2384072,C/D
2384073,B
2384074,B
2386590,
2386591,
2386592,B
2386593,B
2386596,B
2386599,B
2387110,D
2393188,B
2393278,C/D
2393796,B
2393815,A
2393816,A
2393817,A
2393818,A
2393820,A
2393821,B
2393831,B
2393832,B
2393833,B
2393835,D
2393836,D
2393837,D
2393838,D
2393847,C
2393848,C
2393850,C
2393851,C
2393852,C
2393870,
2393875,A
2393876,A
2393877,A
2393878,C
2393880,D
2393881,D
2393890,B
2393918,D
2393919,C/D
2393933,C/D
2393934,C/D
2393935,C/D
2393936,C/D
2394563,D
2394564,C
2394570,A
2396141,D
2396159,
2396160,
2396167,
2396170,
2396173,
2396174,
2396176,
2396179,
2396180,
2396181,
2396182,
2396183,B/D
2396185,B
2396186,B
2396189,C
2396197,D
2396200,C
2396202,A
2396209,B
2396210,B
2396211,B
2396218,C/D
2396220,B
2396221,C
2396222,
2396223,
2396224,
2396225,
2396226,
2396227,
2396400,B
2397950,C/D
2397951,C/D
2397952,C/D
2397954,C/D
2397956,B
2397957,B
2397959,B
2397960,B
2397961,A
2397962,A
2397964,A
2397965,A
2397966,A
2397968,A
2397969,A
2398116,D
2398117,D
2398118,D
2398147,A
2398149,A
2398151,A
2398152,C/D
2398918,B
2398921,C/D
2398922,C/D
2398923,B/D
2398924,C
2398925,C
2398926,C
2398927,C
2398928,C
2398929,D
2398930,D
2398931,D
2398932,C/D
2398933,C/D
2398934,C/D
2398935,C/D
2398936,C/D
2398937,C/D
2398938,C/D
2398940,C/D
2398941,C/D
2398942,B
2398943,B
2398944,C/D
2398945,C/D
2398946,C/D
2398947,C/D
2398948,C/D
2398952,A
2398953,A
2398955,D
2398956,D
2398957,D
2398958,C
2398959,C
2398960,C
2398961,C
2398962,C
2398966,C
2398967,C
2398968,C
2398969,C
2398970,C
2398971,C
2398972,C
2398975,A
2398976,A
2398977,A
2398978,A
2398980,A
2398981,A
2398982,A
2398985,A
2398986,
2398987,
2398988,C
2398989,A
2398990,A
2398991,A
2398992,A
2398998,C
2398999,D
2399001,B/D
2399003,B
2399004,C/D
2399005,B
2399006,B
2399007,B
2399008,B
2399009,B
2399011,B
2399012,B
2399014,D
2399015,C/D
2399016,C/D
2399017,C/D
2399022,D
2399023,D
2399040,C
2399041,C
2399042,C
2399043,C
2399065,C/D
2399165,C
2399169,A
2399188,A
2399235,C/D
2399541,D
2399586,C/D
2399590,C
2399591,C
2399592,A
2403848,D
2403849,D
2403850,C/D
2403851,D
2403852,D
2405615,B
2405619,A
2405621,A
2405622,A
2405627,D
2405628,D
2406074,A
2408085,C/D
2408618,B
2408619,B
2408621,C/D
2408622,C/D
2408623,C/D
2409447,B
2409448,B
2409985,B
2420170,C
2420171,C
2420172,C
2420173,A
2420175,B/D
2420240,C
2421642,C/D
2421644,A
2421646,C
2421647,D
2421648,D
2421649,B
2421650,B
2421651,B
2421652,D
2421653,D
2421654,A
2421655,A
2421656,A
2421658,C/D
2421659,C/D
2421661,C/D
2421665,A
2421666,A
2421671,C/D
2421673,B
2421674,B
2421729,D
2421730,D
2421731,D
2421735,D
2421736,D
2421737,D
2421738,D
2421740,D
2421741,D
2421742,D
2421743,A
2421744,A
2421745,A
2421755,B/D
2421756,B/D
2422420,C
2422487,C
2422488,C
2422489,C
2422490,C
2422494,B
2422495,B
2422497,C/D
2422498,C/D
2423085,A
2423086,A
2423836,B
2423837,B
2423838,B
2423839,B
2424402,A
2424403,A
2425190,C/D
2425191,C/D
2425298,B
2425509,C
2425510,C/D
2425511,C/D
2425525,C/D
2425526,C/D
2428756,B
2432491,C
2432495,A
2432496,A
2432497,A
2432508,A
2432509,A
2432510,A
2432511,A
2432565,D
2432567,B
2432568,B
2432569,B
2432574,B
2432576,B
2432580,D
2432611,A
2432612,C/D
2432613,C/D
2432624,C/D
2432626,C/D
2432822,C
2432823,C
2432824,C
2432930,D
2432933,C
2432935,B
2432938,B
2432950,B
2432955,C
2432956,C
2433019,C
2433026,C
2433034,C
2433035,C
2433044,C
2433047,C
2433048,C
2433071,C
2433072,C
2433074,D
2433075,D
2433076,D
2433077,D
2433078,D
2433080,C
2433089,B/D
2433090,C
2433093,C
2433094,C
2433103,C
2433108,C
2433167,D
2433168,D
2433244,D
2433279,D
2433283,D
2433304,D
2433316,D
2433322,D
2433323,D
2433326,D
2433327,D
2433328,D
2433329,D
2433347,C
2433348,C
2433349,C
2433350,C
2433378,C
2433379,C
2433380,C
2433419,B
2433590,B/D
2433593,B/D
2433610,A
2433611,A
2433614,A
2433615,A
2433642,A
2433731,C
2433732,C
2433733,C
2433734,C
2433735,C
2433759,B/D
2433762,D
2433763,D
2433764,D
2433833,C/D
2433835,C/D
2433855,D
2433856,D
2433857,D
2433868,D
2433869,D
2433870,D
2433898,C
2434182,A
2434183,A
2434184,A
2434185,A
2436919,A
2436920,A
2436921,A
2436925,A
2437837,
2437838,
2438056,C/D
2438057,C/D
2440146,B
2440147,B
2440148,B
2440149,C/D
2440150,A
2440151,A
2440152,A
2440153,A
2440154,A
2440155,A
2440156,A
2440157,A
2440158,A
2440159,A
2440160,A
2440161,A
2440162,D
2440163,D
2440164,D
2440165,D
2440168,C
2440169,C
2440173,B
2440177,C
2440179,C
2440180,C
2440181,D
2440184,D
2440193,A
2440196,A
2440237,B
2441730,B
2441731,B
2450524,A
2450525,A
2450526,A
2450562,B/D
2450611,B
2487242,B
2487243,B
2633031,A/D
2633032,C/D
2633033,C/D
2633034,C/D
2633035,A/D
2633036,C/D
2633037,D
2633038,D
2633039,D
2633040,D
2633041,D
2633042,D
2633043,C/D
2633044,D
2633045,D
2633046,D
2633047,C/D
2633048,A
2633049,A
2633050,A
2633051,C/D
2633052,A/D
2633053,A/D
2633054,C/D
2633055,B/D
2633056,B/D
2633057,B/D
2633058,A/D
2633059,C/D
2633060,C/D
2633061,C/D
2633062,C/D
2633063,C/D
2633064,D
2633065,D
2633066,D
2633067,A
2633068,A
2633069,A/D
2633070,A/D
2633071,B/D
2633072,B/D
2633073,B
2633074,B
2633075,B
2633076,B
2633077,B/D
2633078,D
2633079,D
2633080,D
2633081,C/D
2633082,A
2633083,
2633084,B/D
2633085,C
2633086,
2633087,A
2633088,
2633089,
2633090,
2633091,
2633092,
2633093,
2633094,
2633095,
2633096,
2633097,
2633098,
2633099,
2633100,C/D
2633101,C/D
2633102,C/D
2633103,C/D
2633104,D
2633105,D
2633106,A
2633107,A
2633108,C/D
2633109,C/D
2633110,C/D
2633111,A
2633112,A
2633113,D
2633114,D
2633115,D
2633116,B/D
2633117,B/D
2633118,B/D
2633119,A
2633120,C/D
2633121,D
2633122,D
2633123,A
2633124,B/D
2633125,B
2633126,B
2633127,A/D
2633128,B/D
2633129,B/D
2633130,B/D
2633131,D
2633132,A
2633133,D
2633134,D
2633135,D
2633136,D
2633137,D
2633138,D
2633139,D
2633140,A
2633141,A
2633142,
2633143,
2633144,C/D
2633145,B/D
2633146,C/D
2633147,B/D
2633148,C/D
2633149,D
2633150,D
2633151,D
2633152,D
2633153,D
2633154,D
2633155,D
2633156,D
2633157,D
2633158,C/D
2633159,B/D
2633160,B/D
2633161,B/D
2633162,C
2633163,C
2633164,C
2633165,C
2633166,D
2633167,D
2633168,D
2633169,D
2633170,
2633171,C
2633172,C
2633173,C
2633174,D
2633175,D
2633183,C
2633184,C
2633185,C
2633186,D
2633187,D
2675430,
2706630,B
2717929,C/D
2845397,B
2845420,B
2871241,B
2871266,D
2871280,D
2871297,D
2871603,D
2871604,C
2871605,C
2871606,B
2871607,B
2871608,D
2871609,D
2871610,D
2871611,D
2871612,D
2871613,C
2871614,C
2871615,D
2871616,B
2871617,B
2871618,B
2871619,D
2871620,B
2900230,B
2900231,B
2900232,B/D
2900233,C/D
2900234,C/D
2900235,C/D
2900236,C/D
2900237,C/D
2900238,C/D
2900239,C/D
2900240,C/D
2900241,C/D
2900242,C/D
2900243,C/D
2900244,C/D
2900245,C/D
2900246,B
2900247,B
2900248,B
2900250,C
2900251,C
2900252,A
2900253,A
2900254,A
2900256,B
2900257,B
2900258,B
2900259,
2900260,C/D
2900261,C/D
2900262,C/D
2900263,C
2900264,D
2900265,D
2900266,C
2900267,C
2900268,C
2900269,C
2900270,C
2900271,C
2900272,C
2900273,C
2900274,C
2900275,C
2900276,C
2900277,C/D
2900278,C/D
2900279,C/D
2900280,C/D
2900281,C/D
2900282,A
2900283,A
2900284,A
2900285,B/D
2900286,C
2900287,C
2900288,C
2900289,C
2900290,C
2900291,D
2900292,D
2900293,D
2900294,B/D
2900295,
2900296,B
2900297,C/D
2900298,D
2900299,D
2900300,D
2900301,D
2900302,B/D
2900303,D
2900304,D
2900305,D
2900306,C/D
2900307,C
2900308,C
2900309,C
2900310,
2900313,
2900314,
2900315,
2900316,
2900317,
2900318,
2900319,C/D
2900320,
2900321,D
2900322,C/D
2900323,C/D
2900324,C/D
2900325,C
2900326,C
2900327,C
2900328,C
2900334,D
2900335,D
2900336,D
2900340,C/D
2900341,B
2900342,C/D
2900343,C
2900344,C
2900345,C/D
2900346,C/D
2900349,C
2900350,C
2900351,C
2900352,D
2900353,D
2900382,B
2900384,B/D
2900385,C/D
2900386,C/D
2900388,C/D
2900389,C/D
2900390,C/D
2900391,C/D
2900392,C/D
2900393,C/D
2900395,C/D
2900396,C/D
2900397,C/D
2900398,B
2900399,B
2900400,B
2900402,C
2900403,C
2900404,A
2900405,A
2900406,A
2900407,A
2900408,B
2900409,B
2900410,B
2900411,
2900412,C/D
2900413,C/D
2900414,C/D
2900415,C
2900416,D
2900417,D
2900418,C
2900419,C
2900420,C
2900425,C
2900426,C
2900427,C
2900428,C
2900429,C/D
2900430,C/D
2900434,A
2900435,A
2900436,A
2900437,B/D
2900438,C
2900439,C
2900440,C
2900441,C
2900442,C
2900443,D
2900444,D
2900445,D
2900446,B/D
2900447,
2900448,B
2900450,D
2900451,D
2900452,D
2900453,D
2900454,B/D
2900455,D
2900456,D
2900457,D
2900458,C/D
2900459,C
2900460,C
2900461,C
2900462,
2900463,
2900464,
2900465,
2900466,
2900467,
2900468,
2900469,
2900470,
2900472,
2900473,D
2900474,C/D
2900475,C/D
2900476,C/D
2900477,C
2900478,C
2900479,C
2900480,C
2900481,B
2900482,B
2900483,B/D
2900484,B/D
2900501,C
2900502,C
2900503,C
2900504,D
2900505,D
2900506,D
2900507,D
2944218,B/D
2944219,B
2944220,B
2944221,B/D
2944223,C
2944224,C
2944225,D
2944226,D
2944227,D
2944228,D
2944229,D
2944230,B
2944231,B
2944232,B
2944233,B
2944234,B
2944235,B
2944236,B
2944237,B
2944238,D
2944239,D
2944249,C
2944250,A/D
2944256,C
2944257,C
2944258,C
2944268,D
2944269,D
2944270,D
2944274,D
2944275,D
2944276,D
2991230,B/D
2991231,B/D
2991232,B/D
2991234,D
2991235,A
2991236,C/D
2994043,D
2994044,C
2997124,A
2997129,A
2999032,C/D
2999033,C/D
2999035,D
2999036,D
2999037,A
2999042,B
2999043,A
2999044,D
2999045,D
2999046,A
2999047,B
2999048,B
2999049,B
2999050,A
2999051,C/D
2999052,C/D
2999053,C/D
2999054,C
2999056,C
2999057,C
2999059,C/D
2999060,C/D
2999061,C/D
3098638,C/D
3098640,A
3098641,A
3098642,A
3098643,A
3098644,A
3098645,A
3098646,A
3098647,A
3098648,B
3098649,B
3098650,B
3098651,B
3098652,B
3098653,D
3098654,D
3098655,C/D
3098669,A/D
3098670,A
3098698,B
3098710,
3098711,C/D
3098712,C/D
3098718,
3105790,C
3105791,C
3105792,C
3155788,A
3155789,A
3155790,B/D
3155792,A
3155793,A
3175295,B
3175296,B
3175297,B
3175298,B
3175299,B
3175300,B
3175301,B
3175302,B
3180030,B
3180031,B
3180032,B
3180033,B
3180034,C
3180035,C
3180037,C/D
3180038,C/D
3180039,C
3180040,C/D
3180041,C/D
3180042,C/D
3180043,B/D
3180044,D
3180045,D
3180046,D
3180047,D
3180048,D
3180049,D
3180050,A
3180051,A
3180052,A
3180053,C/D
3180054,B/D
3180055,D
3180056,C
3180057,C
3180058,B/D
3180059,B/D
3259249,C
3259250,C
3259251,C
3259252,C
3259253,C
3259254,C
